"cd","twoway18","twoway16","fund_diff","open_seat","IE_diff","rscandal_ai","dscandal_ai","total_funding","r_incumbent_running","d_incumbent_running","nnu","m4a_total_tone_weight","dchallengerwoman_ai","dchallengerpersonofcolor_ai","dchallengermiliarybackground_ai","d_ideo"
"AK01",47,42,0.456834549402942,0,0,1,0,14.9737505764229,"Yes","No",0,NA,1,0,0,-1.95323851
"AL01",37,35,-2.17130579804898,0,0,0,0,14.3041104069421,"Yes","No",0,NA,0,1,1,-1.589652461
"AL02",38,34,-1.5898059534124,0,0,0,0,14.9464682061801,"Yes","No",0,NA,1,0,0,-1.656788792
"AL03",36,33,-1.06073817314005,0,0,0,0,14.4132101932857,"Yes","No",0,0,1,0,0,-1.28267889
"AL04",20,18,-3.09179200659271,0,0,0,0,14.2985271378084,"Yes","No",0,NA,0,0,0,-0.405618929635
"AL05",39,32,-0.950805139066728,0,0,0,0,14.5657087071477,"Yes","No",0,0,0,0,0,-0.964832715
"AL06",31,27,-1.4429356841677,0,0,0,0,14.2237471153898,"Yes","No",0,NA,0,0,0,-1.234642441
"AR01",30,32,-2.00593373985722,0,0,0,0,13.9610102513961,"Yes","No",0,0.308691381687487,0,1,0,-1.0760690715
"AR02",47,45,-0.214939683319188,0,13.2831514097636,0,0,15.4835109222266,"Yes","No",0,0.147347377220724,0,0,0,-1.82195544
"AR03",34,33,-1.5155069752803,0,0,0,0,14.2062416989871,"Yes","No",0,-0.673737165964104,0,0,0,-0.765551869
"AR04",32,33,-2.33496245950517,0,0,0,0,14.3929460392936,"Yes","No",0,-0.461353505760121,1,0,0,-1.360397901
"AZ01",54,49,0.657865011060687,0,14.2105838577824,0,0,15.2440953676978,"No","Yes",0,NA,0,0,0,-1.49844683
"AZ02",55,53,1.14147103750789,1,0.356445623417079,0,0,15.6169612155601,"No","No",0,0.8890404663378,1,0,0,-1.79979502
"AZ03",64,65,2.22091054810162,0,0,0,0,13.5806825332906,"No","Yes",1,0.951465047350996,0,0,0,-3.07352866
"AZ04",31,29,0.0164715461029198,0,0,0,0,13.9871982837887,"Yes","No",0,-0.00909289366889831,0,0,0,-1.7864158
"AZ05",41,39,-1.3680891720232,0,0,0,0,13.8061134329645,"Yes","No",1,0,1,0,0,-1.615345456
"AZ06",45,45,-1.50393740321032,0,0,1,0,14.5982785691763,"Yes","No",1,0,1,0,0,-2.00494705
"AZ08",45,39,0.77809682835312,0,0,0,0,15.715140230448,"Yes","No",0,0.571203778677834,1,1,0,-2.27036502
"AZ09",61,59,0.471906377313441,1,-12.0252998887261,0,0,15.2206718195088,"No","No",0,-1.09861228866811,0,0,0,-1.71112844
"CA01",45,40,0.0591309663317369,0,0,0,0,14.5726415167579,"Yes","No",1,-0.909736686483339,1,0,0,-2.20500678
"CA02",77,75,5.2649656209309,0,0,0,0,13.7707790981,"No","Yes",1,NA,0,0,0,-2.35268396
"CA03",58,57,3.37604035912121,0,0,0,0,13.9624909670164,"No","Yes",1,0,0,0,0,-1.76301227
"CA04",46,42,0.77909317608344,0,0,0,0,15.5316182773601,"Yes","No",0,0.520497632050987,1,0,0,-1.91509733
"CA07",55,56,1.65462672419553,0,0,0,0,15.0759316452135,"No","Yes",0,-0.134518760237248,0,0,0,-2.12355872
"CA09",56,60,2.52130311295325,0,0,0,0,14.1111853533352,"No","Yes",1,0.374731940428237,0,0,0,-1.93578334
"CA10",52,52,0.541500840101953,0,-0.144170937315886,0,0,16.4072844295082,"Yes","No",1,0.596315622188271,0,0,0,-2.1318582
"CA11",74,76,NA,0,0,0,0,NA,"No","Yes",1,NA,0,0,0,-2.15007399
"CA12",87,91,5.32762890567301,0,0,0,0,15.3511893878371,"No","Yes",0,0.561050596446595,0,0,0,-2.56380665
"CA14",79,81,NA,0,0,0,0,NA,"No","Yes",1,0,0,0,0,-2.1488416
"CA15",73,74,4.00619483367676,0,0,0,0,14.9716640057345,"No","Yes",1,0.0272826644849118,0,0,0,-2.60017219
"CA16",57,62,0.357598180009047,0,0,0,0,14.9646120396504,"No","Yes",0,NA,0,0,0,-1.73793135
"CA17",75,78,6.62826361086378,0,0,0,0,14.8268485659957,"No","Yes",1,NA,0,0,0,-2.16247421
"CA18",74,78,NA,0,0,0,0,NA,"No","Yes",1,0,0,0,0,-2.46001355
"CA19",74,77,4.19518065512153,0,0,0,0,14.3808711556925,"No","Yes",1,0.358443035663008,0,0,0,-2.57861788
"CA21",50,58,-0.0988382028768742,0,-0.432949437234686,0,0,15.6498762466362,"Yes","No",0,0.32629961778691,0,1,0,-1.359637328
"CA22",47,45,-0.3180041757192,0,0,0,0,16.9031258895346,"Yes","No",0,0.79143221514676,0,1,0,-2.34599377
"CA23",36,38,-4.23542709329029,0,0,0,0,15.9116411162993,"Yes","No",0,NA,1,1,0,-2.158586796
"CA24",59,61,0.636961183346326,0,0,0,0,15.2552192348896,"No","Yes",0,0,0,0,0,-2.40353025
"CA25",54,53,1.18196889094443,0,-0.518039916471155,0,0,16.2312199216241,"Yes","No",1,0.552959867056233,1,0,0,-2.00762845
"CA26",62,62,2.00068730753013,0,0,1,0,14.8938577598183,"No","Yes",0,1.18116109707188,0,0,0,-2.189341
"CA28",78,77,5.14962711457818,0,0,0,0,15.6569114559174,"No","Yes",1,0.331700564106686,0,0,0,-2.56468647
"CA29",81,82,5.19743297533501,0,0,0,1,14.2422632556257,"No","Yes",0,0,0,0,0,-2.38256162
"CA30",73,73,NA,0,0,0,0,NA,"No","Yes",1,-0.413399788881008,0,0,0,-2.0439853
"CA31",59,61,0.70784108438492,0,0,0,0,15.2343439919236,"No","Yes",0,-0.462301468698884,0,0,0,-2.13513986
"CA32",69,71,4.18039400874191,0,0,0,0,12.9397401271055,"No","Yes",1,NA,0,0,0,-1.92609941
"CA33",70,72,2.38271599788019,0,0,0,0,14.4834041541186,"No","Yes",1,0.75217619311779,0,0,0,-2.53242837
"CA35",69,72,4.44986669966825,0,0,0,0,13.3592776436912,"No","Yes",0,0,0,0,0,-1.857582047
"CA36",59,55,1.32267544459208,0,0,0,0,15.2048223271263,"No","Yes",0,0,0,0,0,-2.17697046
"CA37",89,90,4.45789503773547,0,0,0,0,13.7177784055507,"No","Yes",1,-0.823016482756245,0,0,0,-2.45443758
"CA38",69,71,NA,0,0,0,0,NA,"No","Yes",1,-0.795702668057625,0,0,0,-2.49109386
"CA39",52,55,1.4394149228891,1,-0.79806726413867,0,0,16.5350188411401,"No","No",0,1.81438787901084,0,1,1,-2.26020021
"CA41",65,65,3.19790782164382,0,0,0,0,13.9295443963781,"No","Yes",1,-0.0333864340517478,0,0,0,-2.02851606
"CA42",44,44,-2.28093870852749,0,0,1,0,14.3551871665379,"Yes","No",1,-0.365732095020971,1,0,0,-1.703208111
"CA43",78,82,0.310477364087903,0,0,1,0,14.8355677488628,"No","Yes",1,-0.0866973337502285,0,0,0,-3.28202639
"CA45",52,53,0.345502609323349,0,-0.479361086497295,0,0,16.2931178244556,"Yes","No",1,1.0848045466149,1,0,0,-2.52146651
"CA46",69,70,9.00082089363882,0,0,0,0,13.9425866171856,"No","Yes",1,-0.0445830379103475,0,0,0,-1.681527111
"CA47",65,67,2.56972367753429,0,0,0,0,13.5533582370352,"No","Yes",1,0.377981214510233,0,0,0,-2.16960718
"CA48",54,51,1.14360682013388,0,0.0948876243123031,1,0,16.261116348254,"Yes","No",1,0.838293914743433,0,0,0,-1.95229905
"CA49",56,54,1.30262712032486,1,14.3701764008248,0,0,15.8568765320613,"No","No",1,2.22829385420397,0,0,0,-1.92196329
"CA50",48,42,1.23525371905282,0,0,1,0,15.4766330094398,"Yes","No",1,0.25603171931135,0,1,0,-2.62664944
"CA51",71,76,2.48512178337329,0,0,0,0,13.7666082135029,"No","Yes",0,NA,0,0,0,-2.0712059
"CA52",64,62,2.00733328527193,0,0,0,0,14.968748613992,"No","Yes",0,-0.510899002239514,0,0,0,-1.73464645
"CA53",69,68,1.48358535271838,0,0,0,0,13.145117918024,"No","Yes",0,0,0,0,0,-2.18453867
"CO01",76,75,9.35016783433184,0,0,0,0,14.0494616092908,"No","Yes",1,-0.986185787807781,0,0,0,-2.48925426
"CO02",64,62,2.93848488373407,1,0,0,0,14.1130363466752,"No","No",1,NA,0,1,0,-1.74824228
"CO03",46,43,0.177171614536537,0,0,0,0,15.0712221749198,"Yes","No",1,-0.81793863646141,1,0,0,-2.62626386
"CO04",39,37,0.461451794957369,0,0,0,0,14.2801397520215,"Yes","No",0,-0.0055891765853946,1,0,0,-1.61070096
"CO05",41,37,-0.613140786564672,0,0,0,0,13.8627084742272,"Yes","No",0,0.989120655531243,1,1,0,-2.10045417
"CO06",56,55,0.405739282616046,0,-0.302431362468758,0,0,16.0688914591913,"Yes","No",0,0.63929910555126,0,0,1,-1.503001229
"CO07",63,57,3.52812966843878,0,0,0,0,14.4717361691132,"No","Yes",1,-0.2399419825453,0,0,0,-1.95584505
"CT01",65,62,NA,0,0,0,0,NA,"No","Yes",0,0,0,0,0,-2.11249788
"CT02",64,52,NA,0,0,0,0,13.9607521638707,"No","Yes",0,NA,0,0,0,-1.98550754
"CT03",65,58,NA,0,0,0,0,NA,"No","Yes",0,0,0,0,0,-2.89516276
"CT04",61,62,0.988621722961671,0,0,0,0,14.8391334066128,"No","Yes",0,-0.417248656598842,0,0,0,-2.22504864
"CT05",56,52,3.19869415152371,1,0,0,0,14.4776807114271,"No","No",1,0.62581428377735,1,0,0,-2.55319141
"DE01",65,56,NA,0,0,0,0,NA,"No","Yes",0,NA,0,0,0,-2.29262774
"FL01",33,29,-3.07418131492076,0,0,0,0,14.1587131448809,"Yes","No",0,NA,1,0,0,-1.53816069
"FL02",33,32,-1.66614753430365,0,0,0,0,14.3045110794496,"Yes","No",1,-0.774613182882776,0,0,0,-1.276141811
"FL03",42,42,-2.97891162091288,0,0,0,0,13.7919806072206,"Yes","No",1,0.563802466654874,1,0,0,-2.09714474
"FL04",33,35,-2.02649898298285,0,0,0,0,13.8022289262849,"Yes","No",0,0,0,0,0,-1.541193328
"FL05",67,63,2.8179356722492,0,0,0,0,13.4865852495047,"No","Yes",1,0,0,0,0,-1.83587696
"FL06",44,41,0.388839268077494,1,13.1222273681555,0,0,15.5093795596403,"No","No",0,1.67813810916283,1,0,0,-1.79633613
"FL07",58,54,1.04359069221188,0,13.5914278157483,0,0,15.2897139665887,"No","Yes",0,1.74037253326007,0,0,0,-1.85050799
"FL08",40,40,-1.00961899770544,0,0,0,0,14.0509329745147,"Yes","No",1,0.415485861518473,0,0,0,-2.06194423
"FL09",58,57,3.051116303199,0,0,0,0,14.2748866267136,"No","Yes",1,0.857597049696409,0,0,0,-1.763677
"FL11",35,34,-1.93018053920681,0,0,0,0,13.4462307338289,"Yes","No",1,0.455855423991945,1,0,0,-1.166671421
"FL12",41,41,-0.955529182795968,0,0,0,0,14.8470915999009,"Yes","No",0,0,0,0,0,-1.443662862
"FL13",58,52,4.37011464843842,0,0,0,0,15.0405988274375,"No","Yes",0,0.0603948346043509,0,0,0,-1.76447004
"FL15",47,45,0.812445058512595,1,-0.921119196614841,0,0,14.9289077854435,"No","No",0,0.426794308739811,1,0,0,-1.288756417
"FL16",45,44,-0.133199471996442,0,11.8938587808891,0,0,15.5400940042361,"Yes","No",0,-0.322094074355733,0,0,0,-1.73811048
"FL17",38,36,-3.43726124191727,1,0,0,0,13.718307523841,"No","No",0,0,0,0,0,-1.671786403
"FL18",46,45,-0.284882914631453,0,0.0664933834833867,0,0,16.1879344566753,"Yes","No",0,0.165149410446853,1,0,0,-2.40741035
"FL19",38,39,-0.788920187797079,0,0,0,0,14.4284144011426,"Yes","No",0,-1.13305376500286,0,0,0,-1.4713603
"FL22",62,58,1.86197717959742,0,0,0,0,14.2268868803689,"No","Yes",1,0,0,0,0,-2.01668655
"FL23",62,63,2.77083032358181,0,0,0,0,14.6799616019946,"No","Yes",0,-0.693147180559945,0,0,0,-2.55337694
"FL25",40,49,-0.0432241642002784,0,10.3848328709796,0,0,15.3182778480365,"Yes","No",1,-0.566960417795605,1,0,0,-1.80194504
"FL26",51,58,-0.106557061250827,0,0.244327551239424,0,0,16.1013875253691,"Yes","No",0,0.924938725980157,1,0,0,-1.92747601
"FL27",53,60,0.771868259676537,1,-0.057216526573173,0,0,15.6944306744295,"No","No",0,0.807833716228022,1,0,0,-2.06072617
"GA01",42,42,-2.23420191846908,0,0,0,0,14.6558639555756,"Yes","No",1,0,1,0,0,-2.25099472
"GA02",60,56,3.90480241893257,0,0,0,0,13.9481931266897,"No","Yes",1,NA,0,0,0,-1.86199413
"GA03",35,34,-3.11904553235807,0,0,0,0,14.0890817206706,"Yes","No",0,NA,0,0,1,-0.36570238889829
"GA04",79,77,1.77766535265846,0,0,0,0,13.2436525438389,"No","Yes",1,NA,0,0,0,-1.92746016
"GA06",50,49,-1.17694293602017,0,-2.4332246797967,0,0,16.2558549702914,"Yes","No",0,1.44310685076687,1,1,0,-2.24485373
"GA07",50,47,0.86593623599996,0,0,0,0,15.2461277242099,"Yes","No",0,0.405914443238824,1,0,0,-1.432215148
"GA09",21,20,-2.6397075699036,0,0,0,0,14.2316864535797,"Yes","No",1,NA,0,0,0,0.0390049740359
"GA10",37,37,-3.28719300026191,0,0,0,0,13.4413863283047,"Yes","No",1,NA,1,0,0,-2.05221591
"GA11",38,37,-2.82835045888443,0,0,0,0,13.7092909622917,"Yes","No",1,NA,0,1,1,-1.009706532
"GA12",41,42,-1.38203838704819,0,0,0,0,14.1569554319343,"Yes","No",0,NA,0,1,0,-1.179514881
"GA13",76,72,4.1232473340254,0,0,0,1,13.9280593678189,"No","Yes",0,NA,0,0,0,-1.66620083
"GA14",24,23,-5.09764774721247,0,0,0,1,14.5559281627594,"Yes","No",1,NA,0,0,0,0.215266297272
"HI01",76,67,1.27927480626418,1,0,0,0,13.4880187146321,"No","No",0,-0.114596817962906,0,0,0,-0.6253744768
"HI02",77,67,NA,0,0,0,0,NA,"No","Yes",1,-0.582973662273277,0,0,0,-1.54198339
"IA01",53,48,0.491493324792072,0,-0.0204014833814945,1,0,15.8192497610095,"Yes","No",0,0.239213576235862,1,0,0,-2.33462884
"IA02",56,48,0.890043596569652,0,0,0,0,14.8834838841611,"No","Yes",1,-0.37377885668397,0,0,0,-2.02526593
"IA03",51,48,0.612342650568846,0,-0.242219590258868,0,0,15.9056147460472,"Yes","No",0,0.178385530187135,1,0,0,-2.15392069
"IA04",48,36,1.32903951915891,0,0,0,0,15.2472829350941,"Yes","No",0,NA,0,0,0,-1.52104086
"ID01",33,28,-3.68715648557481,1,0,0,0,13.7540374350226,"No","No",0,NA,1,1,0,-1.29834716
"ID02",39,35,-2.11761398672446,0,0,0,0,14.0314101107621,"Yes","No",1,0,0,0,0,-0.823628187
"IL01",79,78,NA,0,0,0,0,NA,"No","Yes",1,NA,0,0,0,-2.77039173
"IL02",81,80,NA,0,0,0,0,NA,"No","Yes",1,NA,0,0,0,-2.22022788
"IL03",74,58,NA,0,0,0,0,NA,"No","Yes",0,-0.256776326150634,0,0,0,-0.6312270495
"IL04",87,86,4.67906098249393,1,0,0,0,13.6890800769432,"No","No",1,1.01682767040776,0,1,0,-2.63653452
"IL05",77,75,NA,0,0,0,0,NA,"No","Yes",0,0.480091358180078,0,0,0,-2.01742845
"IL06",54,54,-0.0920752540522873,0,0.466443234224471,0,0,16.418238468604,"Yes","No",0,1.21764723742197,0,0,0,-2.05707313
"IL07",88,91,NA,0,0,0,0,NA,"No","Yes",1,0.0818524318187004,0,0,0,-2.46726532
"IL08",66,62,4.57977762180437,0,0,0,0,15.4963012181191,"No","Yes",0,0.359809439122598,0,0,0,-2.3479012
"IL09",73,74,3.03889611198502,0,0,0,0,14.3065039649563,"No","Yes",1,-0.664420753846549,0,0,0,-2.90257505
"IL10",66,65,2.74335687255143,0,0,0,0,15.3970516884356,"No","Yes",0,0,0,0,0,-2.07939643
"IL11",64,63,2.20276719908825,0,0,0,0,14.8982510568615,"No","Yes",0,NA,0,0,0,-2.11683216
"IL12",46,42,0.313571411135693,0,-0.729806844901534,0,0,15.7330325022757,"Yes","No",0,0.00662288214660601,0,0,1,-1.77951902
"IL13",50,47,0.157239496473074,0,0.268379026799261,0,0,15.882052593859,"Yes","No",0,0.693147180559945,1,0,0,-2.36598388
"IL14",52,48,0.788743619205388,0,0.565641555534237,0,0,15.7848735911854,"Yes","No",0,1.05909452902881,1,1,0,-2.23718323
"IL15",29,26,-3.60655062452402,0,0,0,0,14.5227482740185,"Yes","No",0,NA,0,0,0,-1.56963215
"IL16",41,40,-1.57228239669313,0,0,0,0,14.6152474014709,"Yes","No",1,0.343331007054282,1,0,0,-2.01175187
"IL17",62,50,4.77741932233278,0,0,0,0,15.1981229790545,"No","Yes",0,1.56950877065696,0,0,0,-2.22584938
"IL18",33,35,-3.46475908608848,0,0,0,0,14.7640075475817,"Yes","No",0,NA,0,0,0,-2.25690805
"IN01",65,56,NA,0,0,0,0,NA,"No","Yes",1,NA,0,0,0,-1.85056346
"IN02",45,38,0.34778691986688,0,11.0017997961952,0,0,15.766422922197,"Yes","No",0,1.11824508249472,0,0,0,-1.85407627
"IN03",35,32,-0.147916646185307,0,0,0,0,14.4343532586026,"Yes","No",0,0,1,0,0,-2.1026354
"IN04",36,32,-1.54950778162689,1,0,0,0,13.4377537886185,"No","No",0,NA,1,0,1,-1.453419479
"IN05",43,44,-1.9309711416916,0,0,0,0,14.3124223558376,"Yes","No",1,0,1,1,0,-1.39114853
"IN06",34,28,-3.64444461140528,1,0,0,0,14.8687252646426,"No","No",1,NA,1,1,0,-1.74662242
"IN07",65,62,7.40465641538585,0,0,0,0,13.8121446295777,"No","Yes",1,2.35644281455699,0,0,0,-2.71924292
"IN08",36,32,-1.43962050960228,0,0,0,0,13.997709432233,"Yes","No",0,0,0,0,0,-1.593713297
"IN09",44,36,0.521093641960307,0,11.968703386952,0,0,15.2117228979289,"Yes","No",1,0.200296276716989,1,0,0,-2.30702328
"KS01",32,26,-1.83026642412957,0,0,0,0,14.2592413014893,"Yes","No",0,NA,0,0,1,-0.81206549
"KS02",49,40,1.15331160191875,1,-0.565955941057537,0,0,15.4724340639855,"No","No",0,-0.514094457046976,0,0,0,-1.506364325
"KS03",55,51,0.0430748518227234,0,-0.523656752612196,0,0,16.0685472638605,"Yes","No",0,0.845989522547533,1,1,0,-2.90464444
"KS04",41,35,-0.220702059318256,0,0,0,0,15.0196171313427,"Yes","No",1,1.05720012249496,0,0,1,-1.88033226
"KY01",31,25,-2.63331369731423,0,0,1,0,13.5588747763634,"Yes","No",1,NA,0,0,0,-0.42772635035
"KY02",32,29,-2.37537202198376,0,0,0,0,14.5831375001271,"Yes","No",1,0.127339522287628,0,0,0,-0.780709781
"KY03",63,58,0.241995065445334,0,0,0,0,14.3494042129636,"No","Yes",1,0.876355642755232,0,0,0,-2.44873945
"KY04",36,31,-1.56560703688077,0,0,0,0,13.0284138415041,"Yes","No",0,0,0,0,0,-1.03954644
"KY05",21,18,-5.99485793654286,0,0,0,0,13.700354051209,"Yes","No",0,NA,0,0,1,0.383232611071
"KY06",48,41,0.484358830914821,0,-0.788166553637881,0,0,16.4495144633697,"Yes","No",0,0.52054136851442,1,0,1,-2.29034389
"LA01",27,28,-3.93046789470069,0,0,0,0,16.4429096146662,"Yes","No",0,0,1,0,0,-0.9951525679
"LA03",31,30,-1.18417536921184,0,0,0,0,13.97568792364,"Yes","No",0,NA,1,0,0,NA
"LA04",35,38,NA,0,0,0,0,10.0470972999966,"Yes","No",0,NA,0,0,0,0.376474232328
"LA05",31,35,-3.69410234905403,0,0,0,0,13.7709404752121,"Yes","No",0,NA,0,0,0,-0.5624414328
"LA06",29,32,-4.19731113646771,0,0,0,0,14.7304663712309,"Yes","No",0,NA,1,0,0,-0.499354633171
"MA02",67,60,3.40903397346405,0,0,0,0,14.0084124698767,"No","Yes",1,-0.00396692828242544,0,0,0,-2.49185061
"MA03",65,62,0.985882748829341,1,0,0,0,15.104476357968,"No","No",0,0.172675600996244,1,0,0,-1.82878673
"MA05",76,73,NA,0,0,0,0,NA,"No","Yes",1,0.693147180559945,0,0,0,-2.37224416
"MA06",68,60,2.2140538315107,0,0,0,0,14.8006709169311,"No","Yes",0,-0.473851130132024,0,0,0,-1.90150733
"MA09",59,56,0.349542453077415,0,0,0,0,14.544089971942,"No","Yes",0,NA,0,0,0,-1.73933504
"MD01",39,35,0.0912918971294785,0,0,0,0,15.0932817519568,"Yes","No",0,0.560979470879082,0,0,1,-1.403364785
"MD02",68,63,3.24356508268063,0,0,0,0,13.8664454776433,"No","Yes",0,NA,0,0,0,-2.27664674
"MD03",71,66,NA,0,0,0,0,NA,"No","Yes",1,0,0,0,0,-2.19394085
"MD04",80,79,NA,0,0,0,0,NA,"No","Yes",1,-0.061850280927456,0,0,0,-2.20888995
"MD05",72,67,NA,0,0,0,0,NA,"No","Yes",0,0.876404217025158,0,0,0,-2.18787943
"MD06",61,58,3.01408153260822,1,0,0,0,16.7794939654617,"No","No",0,-0.603422187250331,0,0,0,-1.83177179
"MD07",78,79,4.01895778729899,0,0,0,0,13.9035343289768,"No","Yes",1,0,0,0,0,-2.84209293
"MD08",69,68,NA,0,0,0,0,NA,"No","Yes",1,-0.924626912839256,0,0,0,-2.70654073
"ME01",64,58,2.10670950719087,0,0,0,0,13.6810436421601,"No","Yes",1,0.693147180559945,0,0,0,-2.71067778
"ME02",51,45,0.310778640523346,0,-0.71683505731386,0,0,16.1190381926263,"Yes","No",1,1.31806984225876,0,0,1,-2.18974772
"MI01",44,39,-0.0513573032627037,0,0,0,0,14.8455696784618,"Yes","No",0,0,0,0,0,-1.70527991
"MI02",44,40,-0.509159480720611,0,0,0,0,15.0513253744697,"Yes","No",1,NA,0,0,0,-1.56582796
"MI03",44,45,-1.31059263440222,0,0,0,0,13.5984557575278,"Yes","No",1,NA,1,0,0,-1.817709873
"MI04",37,37,NA,0,0,0,0,NA,"Yes","No",1,1.09861228866811,0,0,0,-1.537707945
"MI05",63,52,NA,0,0,0,0,NA,"No","Yes",0,-0.0832493952167199,0,0,0,-1.91482796
"MI06",48,46,-0.764845256115427,0,-0.424690285810472,0,0,15.3365829253005,"Yes","No",0,0.278542927601662,0,0,0,-2.25041893
"MI07",46,41,0.225230860182302,0,0,0,0,15.4029598222988,"Yes","No",0,0.817439701994458,1,0,0,-2.27464885
"MI08",52,46,0.785085834188174,0,-0.216079073418431,0,0,16.2018288683159,"Yes","No",0,-0.504637773740666,1,0,0,-1.94291725
"MI09",62,54,-0.885876197070713,1,0,0,0,12.7630885423901,"No","No",1,-0.0540538424561115,0,0,0,-2.36661672
"MI10",37,33,-2.3069708753862,0,0,0,0,13.5883884777895,"Yes","No",0,0,1,0,0,-1.89808769
"MI11",54,47,0.433220532638698,1,14.6004914277866,0,0,15.7503172266164,"No","No",0,0.261402511079969,1,0,0,-2.20258536
"MI12",70,64,2.75572587131091,0,0,0,0,14.136812403896,"No","Yes",1,-0.542847527407347,0,0,0,-2.49050134
"MI14",83,81,NA,0,0,0,0,NA,"No","Yes",1,0.471334056300011,0,0,0,-2.10837426
"MN01",50,42,0.951216164464342,1,0.000380046719536509,0,0,15.5717750774215,"No","No",0,-0.159568635439106,0,0,0,-1.95742788
"MN02",53,49,0.653695863453524,0,-0.138093057962854,0,0,15.9615759664206,"Yes","No",0,NA,0,0,0,-2.61728562
"MN03",56,55,0.0795350103638333,0,-1.0823861594037,0,0,16.3114345714336,"Yes","No",0,-1.39483352618677,0,0,0,-1.98359803
"MN04",69,67,3.6779763206957,0,0,0,0,13.7728306719653,"No","Yes",0,0,0,0,0,-2.45969807
"MN05",78,80,3.83777906521552,1,0,0,0,13.9176499563897,"No","No",1,1.53901667748319,0,0,0,-3.15384477
"MN06",39,36,-3.2832981397635,0,0,0,0,14.6481438254635,"Yes","No",1,0.564096135210412,0,0,0,-1.589080621
"MN07",52,33,1.69931700513221,0,0,0,0,14.3419162713547,"No","Yes",0,-0.384218782057812,0,0,0,-1.023648207
"MN08",47,42,0.313476785492386,1,-0.777049375198803,0,0,15.2529517184919,"No","No",1,0.0898557252547069,0,0,0,-2.63353086
"MO01",82,80,8.80045845410862,0,0,0,0,13.4057792927348,"No","Yes",1,0.979067165736907,0,0,0,-2.65553651
"MO02",48,44,-0.263495236004213,0,9.90728035077482,0,0,15.5027710828679,"Yes","No",0,-0.741243445860643,0,0,0,-2.11113208
"MO03",34,29,-4.2277789712015,0,0,0,0,14.6804309482723,"Yes","No",1,NA,1,0,0,-1.552482032
"MO04",34,31,-1.01699062337316,0,0,0,0,14.3661105050747,"Yes","No",1,0.0837705686409527,1,0,0,-1.632685123
"MO05",63,57,2.43535555190174,0,0,0,0,14.0583097296912,"No","Yes",1,0,0,0,0,-2.62623307
"MO06",33,34,-3.90868280819601,0,0,0,0,14.3751288658965,"Yes","No",1,NA,0,1,1,-1.179055595
"MO07",31,26,-3.29791982482654,0,0,0,0,14.2775897088064,"Yes","No",1,-0.28136336345163,0,0,1,-1.435199666
"MO08",26,22,-2.32228854256926,0,0,0,0,14.5926431251528,"Yes","No",1,NA,1,0,0,-1.215092274
"MS01",32,33,-1.77795789023836,0,0,0,0,13.8976808223216,"Yes","No",1,0,0,0,0,-1.640333441
"MS03",37,38,NA,1,0,0,0,NA,"No","No",0,NA,0,0,0,-0.81670849258
"MS04",31,29,-1.61673065324865,0,0,0,0,13.7363623451109,"Yes","No",0,NA,0,1,0,-1.696657509
"MT01",47,39,-0.859810407031089,0,0,1,0,16.4540073247793,"Yes","No",0,NA,0,0,0,-2.27124292
"NC01",70,69,3.23512488608121,0,0,0,0,13.5954120657482,"No","Yes",1,NA,0,0,0,-1.9124032
"NC02",47,45,-0.566982598661194,0,-1.62979385258478,0,0,15.3785518372468,"Yes","No",0,0.795211795864135,1,1,0,-2.15520415
"NC04",75,71,NA,0,0,1,0,NA,"No","Yes",1,NA,0,0,0,-1.88728009
"NC05",43,41,-1.80839810560247,0,0,0,0,14.8241700752533,"Yes","No",1,NA,1,1,0,-1.61637304
"NC06",44,42,-1.36236524418065,0,0,0,0,14.3274091518918,"Yes","No",0,NA,0,0,0,-1.171644144
"NC07",43,41,-0.584845773251806,0,0,0,0,14.709385052838,"Yes","No",0,-1.58731297539138,1,0,0,-1.614107867
"NC08",45,42,-1.2547851163787,0,0,0,0,14.9840830936163,"Yes","No",0,NA,0,0,0,-0.983158253
"NC09",50,44,1.1260058161546,1,-0.428220919341937,0,0,15.9942974668906,"No","No",0,0.0884534334231526,0,0,0,-1.234514185
"NC10",41,37,-3.36673216269188,0,0,0,0,15.176019004119,"Yes","No",1,0.254174329437308,0,0,0,-1.052717751
"NC11",40,35,-2.08517561617901,0,0,1,0,14.5821089514874,"Yes","No",1,0.765586660405481,0,0,0,-1.363402666
"NC12",73,71,NA,0,0,0,0,NA,"No","Yes",1,0,0,0,0,-2.41238291
"NC13",47,45,0.548957825524265,0,-0.218462758063596,0,0,15.7092483240913,"Yes","No",0,0.836271942985207,1,0,0,-1.88509139
"ND01",38,30,-0.843177402341235,1,0,0,0,14.7441707279343,"No","No",0,NA,0,0,0,-1.73021222
"NE01",40,38,-2.35892534552176,0,0,0,0,13.6430133280457,"Yes","No",0,NA,1,0,0,-2.05471287
"NE02",49,49,0.00506397947063641,0,-14.1501961995746,0,0,15.474147212041,"Yes","No",1,0.595173992861078,1,0,0,-3.04112678
"NE03",23,21,-2.72714731457275,0,0,0,0,14.0804639139936,"Yes","No",1,0.256438743407337,0,0,0,-1.370200148
"NH01",55,49,0.559647205402586,1,13.3115645486232,0,0,15.0646948821724,"No","No",0,0.685289620392854,0,0,0,-2.45782079
"NH02",57,52,1.98798473655755,0,0,0,0,15.1594673417524,"No","Yes",0,NA,0,0,0,-2.20341805
"NJ01",66,63,5.05463932272928,0,0,0,0,14.6076684673886,"No","Yes",1,-0.693147180559945,0,0,0,-1.97930487
"NJ02",54,47,1.79864560309587,1,9.30264604276021,0,0,14.609116758454,"No","No",0,1.28847096480963,0,0,0,-0.807512829
"NJ03",51,47,0.297026125460168,0,-0.306812372500637,0,0,16.2335887520481,"Yes","No",0,0.0975800946089188,0,1,0,-2.55715087
"NJ04",44,42,0.340450203013809,0,0,0,0,14.9714127064626,"Yes","No",0,NA,0,0,1,-2.09942346
"NJ05",57,49,2.01026635941774,0,13.3130184471544,0,0,15.8871698173368,"No","Yes",0,NA,0,0,0,-1.54775127
"NJ06",64,58,NA,0,0,0,0,NA,"No","Yes",0,-0.323461166499944,0,0,0,-1.93030239
"NJ07",53,51,0.866896249577362,0,-0.0816392162693234,0,0,16.0079949371809,"Yes","No",0,0.355580051940698,0,0,0,-2.24116436
"NJ08",80,78,4.34744624909435,0,0,0,0,13.0520745737027,"No","Yes",1,-0.693147180559945,0,0,0,-1.94492661
"NJ09",71,66,NA,0,0,0,0,NA,"No","Yes",0,0.823906558658784,0,0,0,-1.92504531
"NJ10",90,87,NA,0,0,0,0,NA,"No","Yes",1,-0.693147180559945,0,0,0,-2.10511776
"NJ11",58,49,1.64065356032743,1,14.2951519692249,0,0,16.1456537336772,"No","No",0,0.66942705100767,1,0,1,-1.9741779
"NJ12",69,67,3.61026584571937,0,0,0,0,13.7548785936209,"No","Yes",1,-1.09861228866811,0,0,0,-2.68755934
"NM01",62,60,1.93423643600531,1,0,0,0,14.7422518994917,"No","No",1,1.18910521291782,1,1,0,-2.70589472
"NM02",51,44,1.15735468368491,1,-0.4086852873924,0,0,15.6596148786665,"No","No",0,0.879612567214945,1,1,0,-2.62363684
"NM03",67,58,NA,0,0,0,0,NA,"No","Yes",0,-0.0565993051840292,0,0,0,-2.32192645
"NV01",68,65,NA,0,0,0,0,NA,"No","Yes",1,-0.0218338620201237,0,0,0,-2.35316484
"NV02",42,43,-2.04714716147196,0,0,0,0,14.1626630711275,"Yes","No",0,0.693147180559945,0,0,0,-1.64687
"NV03",55,49,0.703652006988471,1,0.469222820835405,0,0,15.8443398443494,"No","No",0,1.79175946922805,1,0,0,-2.01822786
"NV04",54,53,4.64489548769652,1,0.389844339984764,0,0,14.6506913942557,"No","No",0,0.283998338454063,0,1,0,-2.2200424
"NY01",47,43,0.123546120650466,0,10.9835793915669,0,0,16.073271991697,"Yes","No",1,1.51818801404246,0,0,0,-2.35204979
"NY02",47,45,0.393467608089172,0,0,0,0,15.0139089671793,"Yes","No",1,2.11809955586232,1,0,0,-2.20166761
"NY03",59,53,1.79762183946168,0,0,0,0,14.9774021596751,"No","Yes",0,NA,0,0,0,-1.1829526
"NY04",61,55,3.35319660167513,0,0,0,0,14.2107239294678,"No","Yes",0,0,0,0,0,-1.99828426
"NY09",90,86,5.6412638167369,0,0,0,0,13.9071068589411,"No","Yes",1,0.833229223438195,0,0,0,-2.69426782
"NY10",82,80,2.88135380298982,0,0,0,0,14.2561360575212,"No","Yes",1,-0.728151518572252,0,0,0,-2.68674169
"NY11",53,45,0.58550703660558,0,0,0,0,15.8012724627818,"Yes","No",0,0.297503165829135,0,0,1,-1.73093473
"NY12",88,86,4.05418936588407,0,0,0,0,14.5543400640765,"No","Yes",1,1.84214981092419,0,0,0,-2.09837348
"NY13",95,95,4.93740905570369,0,0,0,0,13.6319532299195,"No","Yes",1,-0.277323691336977,0,0,0,-2.15894355
"NY14",85,80,5.57287749909887,0,0,0,0,14.583791820119,"No","No",1,0.967720381217006,1,0,0,-4.05634587
"NY15",96,95,NA,0,0,0,0,NA,"No","Yes",1,0.575988315555331,0,0,0,-1.502689293
"NY18",55,49,1.97585580033846,0,0,0,0,14.942507688207,"No","Yes",0,-0.626984441026917,0,0,0,-2.20624077
"NY19",53,46,0.841982377361725,0,-0.399299168953853,0,0,16.3978390942126,"Yes","No",0,1.15926070365917,0,1,0,-2.5990662
"NY20",66,57,NA,0,0,0,0,NA,"No","Yes",1,0,0,0,0,-2.0102847
"NY21",43,43,-0.595543238279178,0,0,0,0,15.287076406677,"Yes","No",1,0.133067473824241,1,0,0,-2.01189002
"NY22",51,41,0.332830505163041,0,-0.325358873985264,0,0,15.8911548090533,"Yes","No",0,-0.0891935800040399,0,0,0,-1.56926721
"NY23",46,42,-0.664581857583759,0,0,0,0,15.4694649936548,"Yes","No",1,0.489021991531964,1,0,0,-2.13939974
"NY24",47,52,-0.0157201569302599,0,0.281412092593397,0,0,15.5229120758441,"Yes","No",1,-0.034316373770061,1,0,0,-2.766558
"NY25",59,59,0.645310255536361,1,0,0,0,14.8771174104735,"No","No",0,0.399165991616628,0,0,0,-1.75870454
"NY26",73,60,9.29142016015732,0,0,0,0,13.8966825539056,"No","Yes",1,0,0,0,0,-1.82823441
"NY27",50,37,-0.0114298635193169,0,0,1,0,14.7815740339752,"Yes","No",1,1.09861228866811,0,0,0,-1.61646851
"OH01",48,47,0.753877412145784,0,-1.08906876347315,0,1,15.622826398623,"Yes","No",0,1.29060174725416,0,1,0,-2.68530208
"OH02",41,42,-0.87887279922639,0,0,0,0,14.5410777349053,"Yes","No",1,-0.332757722381225,1,0,0,-1.87958294
"OH03",74,70,NA,0,0,0,0,NA,"No","Yes",1,0,0,0,0,-2.33600289
"OH04",35,33,-0.579901273640033,0,0,1,0,14.4835919603162,"Yes","No",1,NA,1,0,0,-1.7085955
"OH05",36,37,-2.00798573357868,0,0,0,0,14.4011789085999,"Yes","No",1,NA,0,0,0,-1.69285868
"OH06",31,28,-4.44073609883686,0,0,0,0,14.4969088498351,"Yes","No",0,0,1,0,0,-1.67594403
"OH07",41,34,1.06363041222932,0,12.2443554189555,0,0,15.2301663032504,"Yes","No",0,0,0,0,1,-1.369333803
"OH08",33,32,-2.49709082478072,0,0,0,0,13.646556425717,"Yes","No",0,NA,1,1,0,-1.67123398
"OH09",68,61,2.93385120407196,0,0,0,0,13.6085692633245,"No","Yes",1,0.229243337420178,0,0,0,-2.22839176
"OH10",43,46,-0.0239371268577089,0,0,0,0,14.7110605970163,"Yes","No",1,0.693147180559945,1,0,0,-2.02509108
"OH11",82,83,3.57083243822971,0,0,0,0,13.5833674190722,"No","Yes",1,1.04307412704079,0,0,0,-2.87683322
"OH12",48,44,1.20726647793635,0,2.81417108334579,0,0,16.2177543540338,"Yes","No",0,NA,0,0,0,-2.06766692
"OH13",61,53,2.83945687496923,0,0,0,0,14.3451496022757,"No","Yes",1,-0.622115332990504,0,0,0,-1.99228201
"OH14",45,44,-0.13137227662569,0,9.90348755253613,0,0,15.3877424823228,"Yes","No",0,NA,1,0,0,-2.18113824
"OH15",41,42,-1.12663227198549,0,0,0,0,15.5065848687029,"Yes","No",1,0.693147180559945,0,0,0,-1.49278001
"OH16",43,42,-1.40727996419163,1,0,0,0,14.6933196088136,"No","No",0,0.487117918116075,1,0,0,-1.662704566
"OK01",41,35,-1.98863726116304,1,0,0,0,15.0223325684446,"No","No",1,NA,0,0,0,-1.106516717
"OK02",32,24,-2.43763076104205,0,0,0,0,14.3565862498469,"Yes","No",0,NA,0,0,0,-0.391026920069
"OK03",26,22,NA,0,0,0,0,NA,"Yes","No",0,NA,0,0,0,-0.55759729081
"OK04",34,30,-4.74325814972807,0,0,0,0,14.4925656932957,"Yes","No",0,0,1,0,0,-0.43019504597
"OK05",51,43,0.294853258226757,0,0,0,0,14.6218727923754,"Yes","No",0,0,1,0,0,-1.210144682
"OR01",67,62,NA,0,0,0,0,NA,"No","Yes",1,0,0,0,0,-2.62758974
"OR02",41,39,-1.39970326822989,0,0,0,0,15.716726888857,"Yes","No",0,0.693147180559945,1,0,0,-2.53897441
"OR04",58,50,2.16812900311496,0,0,0,0,14.5067855170108,"No","Yes",1,NA,0,0,0,-2.68226145
"OR05",57,52,4.07612829746133,0,0,0,0,14.5649679135447,"No","Yes",0,-1.17561139491571,0,0,0,-1.6084303
"PA01",49,51,1.41497569938272,0,-2.59548585400447,0,0,16.6849001983057,"Yes","No",1,1.51371714861355,0,0,0,-2.19041875
"PA02",79,74,NA,0,0,0,0,NA,"No","Yes",1,NA,0,0,0,-1.356357494
"PA03",93,93,4.13077411720692,0,0,0,0,13.9491124793516,"No","Yes",1,NA,0,0,0,-2.5330082
"PA04",63,60,1.03179601171833,1,0,0,0,14.4795802255444,"No","No",1,-0.0749116510266994,1,0,0,-2.00610091
"PA05",65,65,1.31209227435025,1,0,0,0,14.7145331581531,"No","No",1,1.22518501704912,1,0,0,-2.06398759
"PA06",59,55,2.77914362757969,1,0,0,0,15.3469489801005,"No","No",0,0.71632327796529,1,0,1,-1.97483967
"PA07",55,51,1.21448173926355,1,14.2574226642376,1,0,15.2754808781122,"No","No",1,0.967692184050099,1,0,0,-2.14909925
"PA08",55,45,-0.205997830517017,0,-13.2291834274235,0,0,15.5058968441403,"No","Yes",1,-0.184817654298704,0,0,0,-1.90091369
"PA09",40,32,-0.328155558133723,1,0,0,0,15.1688934159418,"No","No",0,NA,0,0,0,-1.370517225
"PA10",49,45,0.401800084507722,0,13.2830986170728,0,0,15.1251109387841,"Yes","No",0,-0.766837491740125,0,0,1,-1.43281056
"PA11",41,36,0.0414987470926259,0,0,0,0,15.1547341761125,"Yes","No",1,1.07169017724682,1,0,0,-2.85071423
"PA12",34,31,-1.61952221013203,0,0,0,0,13.7608875155874,"Yes","No",1,0.568865915502298,0,0,0,-1.292645127
"PA13",30,27,-3.77472319203225,1,0,0,0,14.2582879760489,"No","No",0,0,0,0,0,-1.326597439
"PA14",42,35,-0.457085557172627,1,0,0,0,14.3928018890261,"No","No",0,0.540662583225168,1,0,0,-1.73274565
"PA15",32,28,-2.26287829941959,0,0,0,0,14.244365785258,"No","No",1,0,1,0,0,-1.578925464
"PA16",47,40,-0.387794490111619,0,13.5575257894891,0,0,15.285214321537,"Yes","No",0,NA,0,0,1,-1.53163232
"PA17",56,49,1.04795701012502,0,3.04563558087724,0,0,16.3266794260782,"Yes","Yes",0,0.165447691980549,0,0,0,-1.84728636
"RI01",67,64,NA,0,0,0,0,NA,"No","Yes",1,0,0,0,0,-2.54763457
"RI02",64,54,5.45380142833969,0,0,0,0,13.9672333184937,"No","Yes",1,0,0,0,0,-2.092279
"SC01",51,43,0.387428723037893,1,-12.3389062947884,0,0,15.2373473540243,"No","No",0,-0.145635904174691,0,0,0,-1.373776736
"SC02",43,41,-2.12106429788925,0,0,0,0,14.1656364576509,"Yes","No",1,NA,0,0,1,-0.029059152261
"SC03",31,30,-1.07091089196812,0,0,0,0,13.997840389724,"Yes","No",1,0,1,0,0,-0.9412381308
"SC04",38,37,-3.28299226019711,1,0,0,1,14.4551012270972,"No","No",0,0.693147180559945,0,1,0,-1.167723973
"SC05",42,41,-0.241744257428618,0,0,0,1,15.3494807206275,"Yes","No",0,0.321167924967632,0,0,0,-1.420491708
"SC06",71,69,5.4192892710403,0,0,0,0,14.509538530513,"No","Yes",1,-1.08599893565495,0,0,0,-1.92757721
"SC07",40,40,-4.09059148615855,0,0,0,0,14.2812423885564,"Yes","No",1,0,0,1,1,-0.5385361975
"SD01",38,34,-0.64498220069762,1,0,0,0,14.7492374408056,"No","No",0,NA,0,0,0,-1.272462248
"TN01",21,21,-0.786446321143216,0,0,0,0,13.16607682923,"Yes","No",1,NA,0,0,0,-0.973228028
"TN02",33,32,-1.13516822014198,1,0,0,0,14.1840715906406,"No","No",0,0,1,0,0,-2.08510531
"TN03",35,32,-1.45949786289918,0,0,0,0,14.2575361002296,"Yes","No",0,NA,1,0,0,-1.333903057
"TN04",35,28,0.0741252074036406,0,0,1,0,13.9388587460602,"Yes","No",1,-0.452222931859801,1,0,0,-1.447225537
"TN05",68,60,NA,0,0,0,0,13.2355583752041,"No","Yes",1,NA,0,0,0,-1.5731443
"TN06",29,25,-4.76736032999265,1,0,0,0,15.4806468114061,"No","No",0,NA,0,0,0,-0.8424574936
"TN07",32,29,-1.60492513382756,1,0,0,0,14.8992652538742,"No","No",1,0.539533916323743,0,0,0,-1.56095167
"TN08",31,32,-5.24048026945217,0,0,0,0,14.4042646103518,"Yes","No",0,NA,1,1,0,-0.75897225441
"TN09",81,80,1.97074976438639,0,0,0,0,13.315639002063,"No","Yes",1,NA,0,0,0,-2.55085666
"TX01",27,26,-2.84149854244436,0,0,0,0,13.6812947140135,"Yes","No",0,NA,1,1,1,-2.042295136
"TX02",46,45,-0.194209881861536,1,0,0,0,15.0397483091708,"No","No",0,0,0,0,0,-2.13119684
"TX03",45,43,-2.67702036218169,1,0,0,0,15.4223582827568,"No","No",1,0,1,0,0,-2.2017522
"TX04",23,23,-3.60437145594455,0,0,0,0,13.9121528137976,"Yes","No",1,NA,1,0,0,-1.504585887
"TX05",38,35,-2.1182087489163,1,0,0,0,13.9673032313067,"No","No",1,NA,0,0,0,-0.8963711873
"TX06",46,44,0.0426433039861162,1,0,0,0,14.1835637464653,"No","No",0,0.753188178536515,1,1,0,-2.13836366
"TX07",52,51,0.574839045520454,0,-0.718993233140827,0,0,16.0908616174167,"Yes","No",0,1.99815514448118,1,0,0,-2.47164323
"TX08",26,25,-5.03466498639778,0,0,0,0,15.4850090122104,"Yes","No",0,0,0,0,0,-1.667226293
"TX10",48,45,-1.31760004520535,0,0,0,0,14.655335528591,"Yes","No",1,0.190550473676284,0,0,0,-2.09876922
"TX11",18,20,-3.25009191119938,0,0,0,0,14.6495948987559,"Yes","No",1,NA,1,0,0,-2.06030426
"TX12",35,34,-2.30038805446759,0,0,0,0,14.6440017536056,"Yes","No",1,0,1,1,0,-2.18008323
"TX13",17,18,-3.30617573329652,0,0,0,0,14.1685085251017,"Yes","No",1,NA,0,0,1,-1.474491902
"TX14",40,40,-1.33654985047775,0,0,0,0,13.8324196402488,"Yes","No",1,0,1,1,0,-2.02656668
"TX15",61,59,4.06412378356598,0,0,0,0,14.1038033613819,"No","Yes",1,0,0,0,0,-1.88846705
"TX16",72,72,3.36205537000901,1,0,0,0,14.2180282868144,"No","No",1,1.37963306362399,1,1,0,-2.39987837
"TX17",42,41,-2.3484233923373,0,0,0,0,14.231410044772,"Yes","No",0,NA,0,0,0,-1.655186317
"TX18",78,79,4.20719093434719,0,0,0,0,13.5169642158111,"No","Yes",1,0.858425710767233,0,0,0,-2.88847584
"TX19",25,25,-2.58504483831375,0,0,0,0,14.2021068034823,"Yes","No",1,0.693147180559945,0,1,0,-2.1653801
"TX21",49,45,0.539813927680458,1,12.1195993055908,0,0,15.4538526448256,"No","No",0,0.853493541676474,0,0,1,-1.85362303
"TX22",48,46,0.062178573714413,0,0,0,0,14.970980362985,"Yes","No",1,-0.693147180559945,0,1,0,-1.82270594
"TX23",50,52,0.182086818691849,0,-1.56858987966604,0,0,16.2455304875437,"Yes","No",1,1.8330542221711,1,1,1,-3.08387156
"TX24",48,47,-2.4371945101131,0,0,0,0,14.1174221094729,"Yes","No",1,0,1,0,0,-1.676847112
"TX25",45,42,-0.938820617866522,0,0,0,0,14.6473478762872,"Yes","No",1,0.918344680555488,1,0,0,-2.02228045
"TX26",40,36,-2.25758356782837,0,0,0,0,14.4362017971697,"Yes","No",1,0.63095690259618,1,0,0,-2.10805914
"TX27",38,38,-1.30454637231541,0,0,0,0,13.7629091030446,"Yes","No",1,0,0,1,0,-1.73631019
"TX29",76,74,-1.75726981361867,1,0,0,0,11.6573896388538,"No","No",0,1.53326875890389,1,1,0,-2.07056439
"TX31",48,43,1.03458948861131,0,12.3250904740715,0,0,15.7531516120969,"Yes","No",0,0.794837844546447,1,0,1,-2.19453784
"TX32",53,51,0.158261567525039,0,1.0276499789241,0,0,16.2198501975173,"Yes","No",0,1.94137329732288,0,1,0,-2.19784698
"TX33",78,75,3.2262202889184,0,0,0,0,14.259916801686,"No","Yes",1,0.693147180559945,0,0,0,-1.151247533
"TX34",60,61,2.52810617161844,0,0,0,0,13.9899350901782,"No","Yes",1,-0.0688684329990132,0,0,0,-1.73704199
"TX35",73,67,3.18298798824181,0,0,0,0,13.9744484948547,"No","Yes",0,-0.263429482063285,0,0,0,-1.682818646
"TX36",27,26,-0.271146785613209,0,0,0,0,14.5503261075685,"Yes","No",1,-0.126311522698621,1,0,0,-2.12804771
"UT01",29,31,-3.79087809410131,0,0,0,0,14.0223719595826,"Yes","No",1,0.303362749578823,0,1,0,-1.9369599
"UT02",41,41,-0.762637296221165,0,0,0,0,14.185775754651,"Yes","No",0,NA,1,1,0,-1.84275114
"UT03",28,33,-4.05089291706618,0,0,0,0,14.3202754646322,"Yes","No",1,-1.56037446458747,0,1,0,-1.076389338
"UT04",50,45,-0.55008254969156,0,-1.71503980445392,1,0,16.0403767265412,"Yes","No",0,0.817219835361558,0,0,0,-1.496862968
"VA01",45,43,-1.12970485047447,0,0,0,0,14.5457985160719,"Yes","No",1,0.329823850885172,1,1,0,-2.20816206
"VA02",51,48,0.0584740323704471,0,-0.184856694277935,1,0,15.9333795655677,"Yes","No",0,0.327101984923718,1,0,1,-2.34550833
"VA04",64,61,1.28315016268778,0,0,0,0,13.9137591165023,"No","Yes",0,0,0,0,0,-2.23084993
"VA05",47,44,0.594810303238484,1,-4.1086090062358,0,0,15.5184930233096,"No","No",1,-0.447609572692909,1,0,0,-2.60493972
"VA06",40,37,-0.827305714505615,1,0,0,0,14.1774700391075,"No","No",1,0,1,0,0,-2.18835989
"VA07",51,46,0.776781754180049,0,-0.683096073312539,0,0,16.1867454650745,"Yes","No",0,-0.123694585338305,1,0,0,-2.28260827
"VA08",76,78,3.33078207401621,0,0,0,0,14.5858511045227,"No","Yes",1,NA,0,0,0,-2.5124823
"VA09",35,28,-0.0920993256150583,0,0,0,0,14.6155199495729,"Yes","No",1,-0.192556210304175,0,0,0,-2.24224908
"VA10",56,55,-0.040209027637644,0,-0.554966013736955,0,0,16.3491414745124,"Yes","No",0,1.55565340582605,1,0,0,-2.61536417
"VA11",72,71,1.1203243040245,0,0,0,0,14.8293871329013,"No","Yes",0,-0.99495062453235,0,0,0,-2.37228756
"VT01",73,66,4.38660093165333,0,0,0,0,13.6844149506903,"No","Yes",1,NA,0,0,0,-2.15694909
"WA01",59,59,4.51250593238863,0,0,0,0,14.5734984436871,"No","Yes",0,0,0,0,0,-2.22524896
"WA03",47,46,0.361448329886219,0,-2.91967275275822,0,0,15.7008572432437,"Yes","No",0,0.0169801048481939,1,0,0,-2.41194103
"WA04",37,38,-0.887305324879054,0,0,0,0,14.3050286173441,"Yes","No",1,0.373303485719908,1,0,0,-2.04730754
"WA05",45,43,-0.0171063411320347,0,0,0,0,16.2688762435584,"Yes","No",0,-0.854454910386116,1,0,0,-2.71557363
"WA06",64,57,3.92043614031029,0,0,0,0,14.689644872038,"No","Yes",0,0,0,0,0,-1.95657769
"WA07",84,87,5.72729753220442,0,0,0,0,14.6129398138743,"No","Yes",1,-0.767019488863862,0,0,0,-3.98166139
"WA08",52,52,0.519106134279726,1,-0.0607558158851873,0,0,16.3797909624959,"No","No",1,-1.50813623446735,1,0,0,-2.10541481
"WA10",61,56,5.74118988624752,0,0,0,0,14.3090448200853,"No","Yes",0,0.336581917839408,0,0,0,-1.91463409
"WI01",43,44,1.31565817234265,1,-14.8114959985058,0,1,16.2078300184088,"No","No",1,1.04406414959564,0,0,0,-2.6722384
"WI03",60,48,2.028876253828,0,0,0,0,14.7805439824049,"No","Yes",0,-0.0181200338913273,0,0,0,-1.72383948
"WI04",78,77,NA,0,0,0,0,NA,"No","Yes",1,0.180473392764183,0,0,0,-2.75783237
"WI05",38,39,-0.299547567370703,0,0,0,0,13.3347697145939,"Yes","No",0,NA,0,0,0,-1.473017031
"WI06",45,41,0.516302656482355,0,12.6924631485519,0,0,15.5107519333201,"Yes","No",0,-0.0521826790874868,0,0,0,-1.76187478
"WI07",39,39,-3.32076825777337,0,0,0,0,15.1458977471145,"Yes","No",1,-0.288323117779838,1,0,0,-2.15105906
"WI08",36,41,-2.07404110535359,0,0,0,0,14.980623725461,"Yes","No",0,NA,0,0,0,-1.414643924
"WV01",35,28,-1.57514774685658,0,0,0,0,14.2862382500133,"Yes","No",1,0.627050642224406,1,0,0,-1.170392706
"WV02",44,31,-0.957817569876561,0,0,0,0,14.7488330268595,"Yes","No",0,-1.09861228866811,0,0,0,-1.57080767
"WV03",44,24,0.383365487034465,1,13.4267285104777,0,0,15.3830895592992,"No","No",0,-0.753776250116164,0,0,1,-2.00340216
"WY01",32,25,-2.90633776580737,0,0,0,0,13.72699626671,"Yes","No",1,NA,0,0,0,-1.108157662
